Months,Years,Area,Flood,,,,,,,,,,,,,
Janruary,2000,Balochistan,,,,,,,,,,,,,,
February,2000,Balochistan,,,,,,,,,,,,,,
March,2000,Balochistan,,,,,,,,,,,,,,
April,2000,Balochistan,,,,,,,,,,,,,, 
May,2000,Balochistan,,,,,,,,,,,,,,
June,2000,Balochistan,,,,,,,,,,,,,,
July,2000,Balochistan,,,,,,,,,,,,,,
August,2000,Balochistan,,,,,,,,,,,,,,
September,2000,Balochistan,,,,,,,,,,,,,,
October,2000,Balochistan,,,,,,,,,,,,,,
November,2000,Balochistan,,,,,,,,,,,,,,
December,2000,Balochistan,,,,,,,,,,,,,,
Janruary,2001,Balochistan,,,,,,,,,,,,,,
February,2001,Balochistan,,,,,,,,,,,,,,
March,2001,Balochistan,,,,,,,,,,,,,,
April,2001,Balochistan,,,,,,,,,,,,,,
May,2001,Balochistan,,,,,,,,,,,,,,
June,2001,Balochistan,,,,,,,,,,,,,,
July,2001,Balochistan,,,,,,,,,,,,,,
August,2001,Balochistan,,,,,,,,,,,,,,
September,2001,Balochistan,,,,,,,,,,,,,,
October,2001,Balochistan,,,,,,,,,,,,,,
November,2001,Balochistan,,,,,,,,,,,,,,
December,2001,Balochistan,,,,,,,,,,,,,,
Janruary,2002,Balochistan,,,,,,,,,,,,,,
February,2002,Balochistan,,,,,,,,,,,,,,
March,2002,Balochistan,,,,,,,,,,,,,,
April,2002,Balochistan,,,,,,,,,,,,,,
May,2002,Balochistan,,,,,,,,,,,,,,
June,2002,Balochistan,,,,,,,,,,,,,,
July,2002,Balochistan,,,,,,,,,,,,,,
August,2002,Balochistan,,,,,,,,,,,,,,
September,2002,Balochistan,,,,,,,,,,,,,,
October,2002,Balochistan,,,,,,,,,,,,,,
November,2002,Balochistan,,,,,,,,,,,,,,
December,2002,Balochistan,,,,,,,,,,,,,,
Janruary,2003,Balochistan,,,,,,,,,,,,,,
February,2003,Balochistan,,,,,,,,,,,,,,
March,2003,Balochistan,,,,,,,,,,,,,,
April,2003,Balochistan,,,,,,,,,,,,,,
May,2003,Balochistan,,,,,,,,,,,,,,
June,2003,Balochistan,,,,,,,,,,,,,,
July,2003,Balochistan,Yes,,,,,,,,,,,,,
August,2003,Balochistan,,,,,,,,,,,,,,
September,2003,Balochistan,,,,,,,,,,,,,,
October,2003,Balochistan,,,,,,,,,,,,,,
November,2003,Balochistan,,,,,,,,,,,,,,
December,2003,Balochistan,,,,,,,,,,,,,,
Janruary,2004,Balochistan,,,,,,,,,,,,,,
February,2004,Balochistan,,,,,,,,,,,,,,
March,2004,Balochistan,,,,,,,,,,,,,,
April,2004,Balochistan,,,,,,,,,,,,,,
May,2004,Balochistan,,,,,,,,,,,,,,
June,2004,Balochistan,,,,,,,,,,,,,,
July,2004,Balochistan,,,,,,,,,,,,,,
August,2004,Balochistan,,,,,,,,,,,,,,
September,2004,Balochistan,,,,,,,,,,,,,,
October,2004,Balochistan,,,,,,,,,,,,,,
November,2004,Balochistan,,,,,,,,,,,,,,
December,2004,Balochistan,,,,,,,,,,,,,,
Janruary,2005,Balochistan,,,,,,,,,,,,,,
February,2005,Balochistan,Yes,,,,,,,,,,,,,
March,2005,Balochistan,,,,,,,,,,,,,,
April,2005,Balochistan,,,,,,,,,,,,,,
May,2005,Balochistan,,,,,,,,,,,,,,
June,2005,Balochistan,,,,,,,,,,,,,,
July,2005,Balochistan,,,,,,,,,,,,,,
August,2005,Balochistan,,,,,,,,,,,,,,
September,2005,Balochistan,,,,,,,,,,,,,,
October,2005,Balochistan,,,,,,,,,,,,,,
November,2005,Balochistan,,,,,,,,,,,,,,
December,2005,Balochistan,,,,,,,,,,,,,,
Janruary,2006,Balochistan,,,,,,,,,,,,,,
February,2006,Balochistan,,,,,,,,,,,,,,
March,2006,Balochistan,,,,,,,,,,,,,,
April,2006,Balochistan,,,,,,,,,,,,,,
May,2006,Balochistan,,,,,,,,,,,,,,
June,2006,Balochistan,,,,,,,,,,,,,,
July,2006,Balochistan,,,,,,,,,,,,,,
August,2006,Balochistan,,,,,,,,,,,,,,
September,2006,Balochistan,,,,,,,,,,,,,,
October,2006,Balochistan,,,,,,,,,,,,,,
November,2006,Balochistan,,,,,,,,,,,,,,
December,2006,Balochistan,,,,,,,,,,,,,,
Janruary,2007,Balochistan,,,,,,,,,,,,,,
February,2007,Balochistan,,,,,,,,,,,,,,
March,2007,Balochistan,,,,,,,,,,,,,,
April,2007,Balochistan,,,,,,,,,,,,,,
May,2007,Balochistan,,,,,,,,,,,,,,
June,2007,Balochistan,Yes,,,,,,,,,,,,,
July,2007,Balochistan,,,,,,,,,,,,,,
August,2007,Balochistan,,,,,,,,,,,,,,
September,2007,Balochistan,,,,,,,,,,,,,,
October,2007,Balochistan,,,,,,,,,,,,,,
November,2007,Balochistan,,,,,,,,,,,,,,
December,2007,Balochistan,,,,,,,,,,,,,,
Janruary,2008,Balochistan,,,,,,,,,,,,,,
February,2008,Balochistan,,,,,,,,,,,,,,
March,2008,Balochistan,,,,,,,,,,,,,,
April,2008,Balochistan,,,,,,,,,,,,,,
May,2008,Balochistan,,,,,,,,,,,,,,
June,2008,Balochistan,,,,,,,,,,,,,,
July,2008,Balochistan,,,,,,,,,,,,,,
August,2008,Balochistan,,,,,,,,,,,,,,
September,2008,Balochistan,,,,,,,,,,,,,,
October,2008,Balochistan,,,,,,,,,,,,,,
November,2008,Balochistan,,,,,,,,,,,,,,
December,2008,Balochistan,,,,,,,,,,,,,,
Janruary,2009,Balochistan,,,,,,,,,,,,,,
February,2009,Balochistan,,,,,,,,,,,,,,
March,2009,Balochistan,,,,,,,,,,,,,,
April,2009,Balochistan,,,,,,,,,,,,,,
May,2009,Balochistan,,,,,,,,,,,,,,
June,2009,Balochistan,,,,,,,,,,,,,,
July,2009,Balochistan,,,,,,,,,,,,,,
August,2009,Balochistan,,,,,,,,,,,,,,
September,2009,Balochistan,,,,,,,,,,,,,,
October,2009,Balochistan,,,,,,,,,,,,,,
November,2009,Balochistan,,,,,,,,,,,,,,
December,2009,Balochistan,,,,,,,,,,,,,,
Janruary,2010,Balochistan,,,,,,,,,,,,,,
February,2010,Balochistan,,,,,,,,,,,,,,
March,2010,Balochistan,,,,,,,,,,,,,,
April,2010,Balochistan,,,,,,,,,,,,,,
May,2010,Balochistan,,,,,,,,,,,,,,
June,2010,Balochistan,,,,,,,,,,,,,,
July,2010,Balochistan,Yes,,,,,,,,,,,,,
August,2010,Balochistan,,,,,,,,,,,,,,
September,2010,Balochistan,,,,,,,,,,,,,,
October,2010,Balochistan,,,,,,,,,,,,,,
November,2010,Balochistan,,,,,,,,,,,,,,
December,2010,Balochistan,,,,,,,,,,,,,,
Janruary,2011,Balochistan,Yes,,,,,,,,,,,,,
February,2011,Balochistan,,,,,,,,,,,,,,
March,2011,Balochistan,,,,,,,,,,,,,,
April,2011,Balochistan,,,,,,,,,,,,,,
May,2011,Balochistan,,,,,,,,,,,,,,
June,2011,Balochistan,,,,,,,,,,,,,,
July,2011,Balochistan,,,,,,,,,,,,,,
August,2011,Balochistan,,,,,,,,,,,,,,
September,2011,Balochistan,,,,,,,,,,,,,,
October,2011,Balochistan,,,,,,,,,,,,,,
November,2011,Balochistan,,,,,,,,,,,,,,
December,2011,Balochistan,,,,,,,,,,,,,,
Janruary,2012,Balochistan,,,,,,,,,,,,,,
February,2012,Balochistan,,,,,,,,,,,,,,
March,2012,Balochistan,,,,,,,,,,,,,,
April,2012,Balochistan,,,,,,,,,,,,,,
May,2012,Balochistan,,,,,,,,,,,,,,
June,2012,Balochistan,,,,,,,,,,,,,,
July,2012,Balochistan,,,,,,,,,,,,,,
August,2012,Balochistan,,,,,,,,,,,,,,
September,2012,Balochistan,,,,,,,,,,,,,,
October,2012,Balochistan,,,,,,,,,,,,,,
November,2012,Balochistan,,,,,,,,,,,,,,
December,2012,Balochistan,,,,,,,,,,,,,,
Janruary,2013,Balochistan,,,,,,,,,,,,,,
February,2013,Balochistan,,,,,,,,,,,,,,
March,2013,Balochistan,,,,,,,,,,,,,,
April,2013,Balochistan,,,,,,,,,,,,,,
May,2013,Balochistan,,,,,,,,,,,,,,
June,2013,Balochistan,,,,,,,,,,,,,,
July,2013,Balochistan,,,,,,,,,,,,,,
August,2013,Balochistan,,,,,,,,,,,,,,
September,2013,Balochistan,Yes,,,,,,,,,,,,,
October,2013,Balochistan,,,,,,,,,,,,,,
November,2013,Balochistan,,,,,,,,,,,,,,
December,2013,Balochistan,,,,,,,,,,,,,,
Janruary,2014,Balochistan,,,,,,,,,,,,,,
February,2014,Balochistan,,,,,,,,,,,,,,
March,2014,Balochistan,,,,,,,,,,,,,,
April,2014,Balochistan,,,,,,,,,,,,,,
May,2014,Balochistan,,,,,,,,,,,,,,
June,2014,Balochistan,,,,,,,,,,,,,,
July,2014,Balochistan,Yes,,,,,,,,,,,,,
August,2014,Balochistan,,,,,,,,,,,,,,
September,2014,Balochistan,,,,,,,,,,,,,,
October,2014,Balochistan,,,,,,,,,,,,,,
November,2014,Balochistan,,,,,,,,,,,,,,
December,2014,Balochistan,,,,,,,,,,,,,,
Janruary,2015,Balochistan,,,,,,,,,,,,,,
February,2015,Balochistan,,,,,,,,,,,,,,
March,2015,Balochistan,,,,,,,,,,,,,,
April,2015,Balochistan,,,,,,,,,,,,,,
May,2015,Balochistan,,,,,,,,,,,,,,
June,2015,Balochistan,,,,,,,,,,,,,,
July,2015,Balochistan,,,,,,,,,,,,,,
August,2015,Balochistan,,,,,,,,,,,,,,
September,2015,Balochistan,,,,,,,,,,,,,,
October,2015,Balochistan,,,,,,,,,,,,,,
November,2015,Balochistan,,,,,,,,,,,,,,
December,2015,Balochistan,,,,,,,,,,,,,,
Janruary,2016,Balochistan,,,,,,,,,,,,,,
February,2016,Balochistan,,,,,,,,,,,,,,
March,2016,Balochistan,,,,,,,,,,,,,,
April,2016,Balochistan,,,,,,,,,,,,,,
May,2016,Balochistan,,,,,,,,,,,,,,
June,2016,Balochistan,Yes,,,,,,,,,,,,,
July,2016,Balochistan,,,,,,,,,,,,,,
August,2016,Balochistan,,,,,,,,,,,,,,
September,2016,Balochistan,,,,,,,,,,,,,,
October,2016,Balochistan,,,,,,,,,,,,,,
November,2016,Balochistan,,,,,,,,,,,,,,
December,2016,Balochistan,,,,,,,,,,,,,,
Janruary,2017,Balochistan,,,,,,,,,,,,,,
February,2017,Balochistan,,,,,,,,,,,,,,
March,2017,Balochistan,,,,,,,,,,,,,,
April,2017,Balochistan,,,,,,,,,,,,,,
May,2017,Balochistan,,,,,,,,,,,,,,
June,2017,Balochistan,,,,,,,,,,,,,,
July,2017,Balochistan,,,,,,,,,,,,,,
August,2017,Balochistan,,,,,,,,,,,,,,
September,2017,Balochistan,,,,,,,,,,,,,,
October,2017,Balochistan,,,,,,,,,,,,,,
November,2017,Balochistan,,,,,,,,,,,,,,
December,2017,Balochistan,,,,,,,,,,,,,,
Janruary,2018,Balochistan,,,,,,,,,,,,,,
February,2018,Balochistan,,,,,,,,,,,,,,
March,2018,Balochistan,,,,,,,,,,,,,,
April,2018,Balochistan,,,,,,,,,,,,,,
May,2018,Balochistan,,,,,,,,,,,,,,
June,2018,Balochistan,,,,,,,,,,,,,,
July,2018,Balochistan,,,,,,,,,,,,,,
August,2018,Balochistan,,,,,,,,,,,,,,
September,2018,Balochistan,,,,,,,,,,,,,,
October,2018,Balochistan,,,,,,,,,,,,,,
November,2018,Balochistan,,,,,,,,,,,,,,
December,2018,Balochistan,,,,,,,,,,,,,,
Janruary,2019,Balochistan,,,,,,,,,,,,,,
February,2019,Balochistan,Yes,,,,,,,,,,,,,
March,2019,Balochistan,,,,,,,,,,,,,,
April,2019,Balochistan,,,,,,,,,,,,,,
May,2019,Balochistan,,,,,,,,,,,,,,
June,2019,Balochistan,,,,,,,,,,,,,,
July,2019,Balochistan,,,,,,,,,,,,,,
August,2019,Balochistan,,,,,,,,,,,,,,
September,2019,Balochistan,,,,,,,,,,,,,,
October,2019,Balochistan,,,,,,,,,,,,,,
November,2019,Balochistan,,,,,,,,,,,,,,
December,2019,Balochistan,,,,,,,,,,,,,,
Janruary,2020,Balochistan,,,,,,,,,,,,,,
February,2020,Balochistan,,,,,,,,,,,,,,
March,2020,Balochistan,,,,,,,,,,,,,,
April,2020,Balochistan,,,,,,,,,,,,,,
May,2020,Balochistan,,,,,,,,,,,,,,
June,2020,Balochistan,,,,,,,,,,,,,,
July,2020,Balochistan,,,,,,,,,,,,,,
August,2020,Balochistan,,,,,,,,,,,,,,
September,2020,Balochistan,,,,,,,,,,,,,,
October,2020,Balochistan,,,,,,,,,,,,,,
November,2020,Balochistan,,,,,,,,,,,,,,
December,2020,Balochistan,,,,,,,,,,,,,,
Janruary,2021,Balochistan,,,,,,,,,,,,,,
February,2021,Balochistan,,,,,,,,,,,,,,
March,2021,Balochistan,,,,,,,,,,,,,,
April,2021,Balochistan,,,,,,,,,,,,,,
May,2021,Balochistan,,,,,,,,,,,,,,
June,2021,Balochistan,,,,,,,,,,,,,,
July,2021,Balochistan,,,,,,,,,,,,,,
August,2021,Balochistan,,,,,,,,,,,,,,
September,2021,Balochistan,,,,,,,,,,,,,,
October,2021,Balochistan,,,,,,,,,,,,,,
November,2021,Balochistan,,,,,,,,,,,,,,
December,2021,Balochistan,,,,,,,,,,,,,,